city,hurricane,category,geometry,longitude,latitude
Palikir,OPHELIA,3,POINT (158.1499743 6.9166437),158.1499743,6.9166437
Palikir,LOLA,3,POINT (158.1499743 6.9166437),158.1499743,6.9166437
Palikir,OPHELIA,4,POINT (158.1499743 6.9166437),158.1499743,6.9166437
Palikir,KEITH,3,POINT (158.1499743 6.9166437),158.1499743,6.9166437
Palikir,NANCY,3,POINT (158.1499743 6.9166437),158.1499743,6.9166437
Palikir,NANCY,4,POINT (158.1499743 6.9166437),158.1499743,6.9166437
Palikir,OWEN,3,POINT (158.1499743 6.9166437),158.1499743,6.9166437
Majuro,GEORGIA,3,POINT (171.3800002 7.1030043),171.3800002,7.1030043
Majuro,GEORGIA,4,POINT (171.3800002 7.1030043),171.3800002,7.1030043
Funafuti,GAVIN,3,POINT (179.2166471 -8.516652),179.2166471,-8.516652
Funafuti,KELI,3,POINT (179.2166471 -8.516652),179.2166471,-8.516652
Melekeok,HAIYAN,5,POINT (134.6265485 7.4873962),134.6265485,7.4873962
Melekeok,OPAL,4,POINT (134.6265485 7.4873962),134.6265485,7.4873962
Melekeok,BOPHA,4,POINT (134.6265485 7.4873962),134.6265485,7.4873962
Melekeok,MIKE,4,POINT (134.6265485 7.4873962),134.6265485,7.4873962
Melekeok,GILDA,3,POINT (134.6265485 7.4873962),134.6265485,7.4873962
Melekeok,OPAL,5,POINT (134.6265485 7.4873962),134.6265485,7.4873962
Melekeok,NANCY,3,POINT (134.6265485 7.4873962),134.6265485,7.4873962
Melekeok,HAGUPIT,4,POINT (134.6265485 7.4873962),134.6265485,7.4873962
Melekeok,MIKE,3,POINT (134.6265485 7.4873962),134.6265485,7.4873962
Melekeok,HAGUPIT,3,POINT (134.6265485 7.4873962),134.6265485,7.4873962
Melekeok,VERA,3,POINT (134.6265485 7.4873962),134.6265485,7.4873962
Melekeok,MITAG,3,POINT (134.6265485 7.4873962),134.6265485,7.4873962
Melekeok,EMMA,3,POINT (134.6265485 7.4873962),134.6265485,7.4873962
Melekeok,VERA,4,POINT (134.6265485 7.4873962),134.6265485,7.4873962
Melekeok,HAGUPIT,5,POINT (134.6265485 7.4873962),134.6265485,7.4873962
Melekeok,EMMA,4,POINT (134.6265485 7.4873962),134.6265485,7.4873962
Melekeok,LOUISE:MARGE,3,POINT (134.6265485 7.4873962),134.6265485,7.4873962
Melekeok,MIKE,5,POINT (134.6265485 7.4873962),134.6265485,7.4873962
Melekeok,LOUISE:MARGE,4,POINT (134.6265485 7.4873962),134.6265485,7.4873962
Melekeok,FLORA,3,POINT (134.6265485 7.4873962),134.6265485,7.4873962
Melekeok,GILDA,4,POINT (134.6265485 7.4873962),134.6265485,7.4873962
Melekeok,SKIP,3,POINT (134.6265485 7.4873962),134.6265485,7.4873962
Melekeok,AGNES,3,POINT (134.6265485 7.4873962),134.6265485,7.4873962
Moroni,KENNETH,4,POINT (43.2402441 -11.7041577),43.2402441,-11.7041577
Moroni,KENNETH,3,POINT (43.2402441 -11.7041577),43.2402441,-11.7041577
Port-of-Spain,IVAN,3,POINT (-61.5170309 10.6519971),-61.5170309,10.6519971
Port-of-Spain,IVAN,4,POINT (-61.5170309 10.6519971),-61.5170309,10.6519971
Baguio,XANGSANE,3,POINT (120.5699426 16.4299907),120.5699426,16.4299907
Baguio,RAMMASUN,3,POINT (120.5699426 16.4299907),120.5699426,16.4299907
Baguio,BETTY,3,POINT (120.5699426 16.4299907),120.5699426,16.4299907
Baguio,ANGELA,4,POINT (120.5699426 16.4299907),120.5699426,16.4299907
Baguio,ANGELA,5,POINT (120.5699426 16.4299907),120.5699426,16.4299907
Baguio,PATSY,3,POINT (120.5699426 16.4299907),120.5699426,16.4299907
Baguio,KIM,3,POINT (120.5699426 16.4299907),120.5699426,16.4299907
Baguio,BABS,3,POINT (120.5699426 16.4299907),120.5699426,16.4299907
Baguio,RITA,4,POINT (120.5699426 16.4299907),120.5699426,16.4299907
Baguio,VAMCO,3,POINT (120.5699426 16.4299907),120.5699426,16.4299907
Baguio,RUBY,4,POINT (120.5699426 16.4299907),120.5699426,16.4299907
Baguio,BABS,4,POINT (120.5699426 16.4299907),120.5699426,16.4299907
Baguio,NORU,4,POINT (120.5699426 16.4299907),120.5699426,16.4299907
Baguio,DOT,3,POINT (120.5699426 16.4299907),120.5699426,16.4299907
Baguio,KIT,4,POINT (120.5699426 16.4299907),120.5699426,16.4299907
Baguio,RITA,3,POINT (120.5699426 16.4299907),120.5699426,16.4299907
Baguio,OPAL,3,POINT (120.5699426 16.4299907),120.5699426,16.4299907
Baguio,CARMEN,3,POINT (120.5699426 16.4299907),120.5699426,16.4299907
Baguio,NORU,3,POINT (120.5699426 16.4299907),120.5699426,16.4299907
Baguio,FREDA,3,POINT (120.5699426 16.4299907),120.5699426,16.4299907
Baguio,SARIKA,3,POINT (120.5699426 16.4299907),120.5699426,16.4299907
Baguio,NARI,3,POINT (120.5699426 16.4299907),120.5699426,16.4299907
Baguio,RUBY,3,POINT (120.5699426 16.4299907),120.5699426,16.4299907
Baguio,KIT,3,POINT (120.5699426 16.4299907),120.5699426,16.4299907
Baguio,SARIKA,4,POINT (120.5699426 16.4299907),120.5699426,16.4299907
Baguio,NANMADOL,4,POINT (120.5699426 16.4299907),120.5699426,16.4299907
Baguio,KOPPU,3,POINT (120.5699426 16.4299907),120.5699426,16.4299907
Baguio,CHEBI,3,POINT (120.5699426 16.4299907),120.5699426,16.4299907
Baguio,THELMA,3,POINT (120.5699426 16.4299907),120.5699426,16.4299907
Baguio,KOPPU,4,POINT (120.5699426 16.4299907),120.5699426,16.4299907
Baguio,GEORGIA,5,POINT (120.5699426 16.4299907),120.5699426,16.4299907
Baguio,IRA,3,POINT (120.5699426 16.4299907),120.5699426,16.4299907
Baguio,UTOR,4,POINT (120.5699426 16.4299907),120.5699426,16.4299907
Baguio,CHEBI,4,POINT (120.5699426 16.4299907),120.5699426,16.4299907
Baguio,NESAT,3,POINT (120.5699426 16.4299907),120.5699426,16.4299907
Baguio,MEGI,3,POINT (120.5699426 16.4299907),120.5699426,16.4299907
Baguio,IRMA,3,POINT (120.5699426 16.4299907),120.5699426,16.4299907
Baguio,BETTY,4,POINT (120.5699426 16.4299907),120.5699426,16.4299907
Baguio,GEORGIA,4,POINT (120.5699426 16.4299907),120.5699426,16.4299907
Baguio,NESAT,4,POINT (120.5699426 16.4299907),120.5699426,16.4299907
Baguio,SAOLA,4,POINT (120.5699426 16.4299907),120.5699426,16.4299907
Baguio,IMBUDO,4,POINT (120.5699426 16.4299907),120.5699426,16.4299907
Baguio,CIMARON,5,POINT (120.5699426 16.4299907),120.5699426,16.4299907
Baguio,SALLY,5,POINT (120.5699426 16.4299907),120.5699426,16.4299907
Baguio,KIM,4,POINT (120.5699426 16.4299907),120.5699426,16.4299907
Baguio,LOUISE,3,POINT (120.5699426 16.4299907),120.5699426,16.4299907
Baguio,ELSIE,5,POINT (120.5699426 16.4299907),120.5699426,16.4299907
Baguio,JUDY,4,POINT (120.5699426 16.4299907),120.5699426,16.4299907
Baguio,ZEB,5,POINT (120.5699426 16.4299907),120.5699426,16.4299907
Baguio,NORA,3,POINT (120.5699426 16.4299907),120.5699426,16.4299907
Baguio,NALGAE,4,POINT (120.5699426 16.4299907),120.5699426,16.4299907
Baguio,YUTU,3,POINT (120.5699426 16.4299907),120.5699426,16.4299907
Baguio,KORYN,3,POINT (120.5699426 16.4299907),120.5699426,16.4299907
Baguio,FREDA,4,POINT (120.5699426 16.4299907),120.5699426,16.4299907
Baguio,VIOLET,3,POINT (120.5699426 16.4299907),120.5699426,16.4299907
Baguio,MEGI,4,POINT (120.5699426 16.4299907),120.5699426,16.4299907
Baguio,JEAN,4,POINT (120.5699426 16.4299907),120.5699426,16.4299907
Baguio,INGRID,3,POINT (120.5699426 16.4299907),120.5699426,16.4299907
Baguio,IVAN,4,POINT (120.5699426 16.4299907),120.5699426,16.4299907
Baguio,NOUL,5,POINT (120.5699426 16.4299907),120.5699426,16.4299907
Baguio,SALLY,4,POINT (120.5699426 16.4299907),120.5699426,16.4299907
Baguio,ELAINE,4,POINT (120.5699426 16.4299907),120.5699426,16.4299907
Baguio,ROSE,3,POINT (120.5699426 16.4299907),120.5699426,16.4299907
Baguio,NANCY,3,POINT (120.5699426 16.4299907),120.5699426,16.4299907
Baguio,KATE,4,POINT (120.5699426 16.4299907),120.5699426,16.4299907
Baguio,CARLA,3,POINT (120.5699426 16.4299907),120.5699426,16.4299907
Baguio,PEGGY,3,POINT (120.5699426 16.4299907),120.5699426,16.4299907
Baguio,GORDON,5,POINT (120.5699426 16.4299907),120.5699426,16.4299907
Baguio,NANMADOL,5,POINT (120.5699426 16.4299907),120.5699426,16.4299907
Baguio,GEORGIA,3,POINT (120.5699426 16.4299907),120.5699426,16.4299907
Baguio,UTOR,3,POINT (120.5699426 16.4299907),120.5699426,16.4299907
Baguio,OLGA,3,POINT (120.5699426 16.4299907),120.5699426,16.4299907
Baguio,CIMARON,4,POINT (120.5699426 16.4299907),120.5699426,16.4299907
Baguio,NALGAE,3,POINT (120.5699426 16.4299907),120.5699426,16.4299907
Baguio,NANMADOL,3,POINT (120.5699426 16.4299907),120.5699426,16.4299907
Baguio,ELSIE,3,POINT (120.5699426 16.4299907),120.5699426,16.4299907
Baguio,IMBUDO,3,POINT (120.5699426 16.4299907),120.5699426,16.4299907
Baguio,CIMARON,3,POINT (120.5699426 16.4299907),120.5699426,16.4299907
Baguio,DELLA,3,POINT (120.5699426 16.4299907),120.5699426,16.4299907
Baguio,ZEB,4,POINT (120.5699426 16.4299907),120.5699426,16.4299907
Baguio,IDA,4,POINT (120.5699426 16.4299907),120.5699426,16.4299907
Baguio,JEAN,3,POINT (120.5699426 16.4299907),120.5699426,16.4299907
Baguio,KATE,3,POINT (120.5699426 16.4299907),120.5699426,16.4299907
Baguio,HAIMA,3,POINT (120.5699426 16.4299907),120.5699426,16.4299907
Baguio,ZEB,3,POINT (120.5699426 16.4299907),120.5699426,16.4299907
Baguio,IDA,3,POINT (120.5699426 16.4299907),120.5699426,16.4299907
Baguio,DELLA,4,POINT (120.5699426 16.4299907),120.5699426,16.4299907
Baguio,ELAINE,3,POINT (120.5699426 16.4299907),120.5699426,16.4299907
Baguio,GLORIA,3,POINT (120.5699426 16.4299907),120.5699426,16.4299907
Baguio,DELLA,5,POINT (120.5699426 16.4299907),120.5699426,16.4299907
Baguio,MANGKHUT,5,POINT (120.5699426 16.4299907),120.5699426,16.4299907
Baguio,RUTH,3,POINT (120.5699426 16.4299907),120.5699426,16.4299907
Baguio,MANGKHUT,4,POINT (120.5699426 16.4299907),120.5699426,16.4299907
Baguio,GORDON,4,POINT (120.5699426 16.4299907),120.5699426,16.4299907
Baguio,PAULINE,3,POINT (120.5699426 16.4299907),120.5699426,16.4299907
Baguio,GORDON,3,POINT (120.5699426 16.4299907),120.5699426,16.4299907
Baguio,MANGKHUT,3,POINT (120.5699426 16.4299907),120.5699426,16.4299907
Baguio,DAN,3,POINT (120.5699426 16.4299907),120.5699426,16.4299907
Baguio,NOUL,4,POINT (120.5699426 16.4299907),120.5699426,16.4299907
Baguio,IVAN,3,POINT (120.5699426 16.4299907),120.5699426,16.4299907
Baguio,WARREN,3,POINT (120.5699426 16.4299907),120.5699426,16.4299907
Baguio,NURI,3,POINT (120.5699426 16.4299907),120.5699426,16.4299907
Baguio,CORA,3,POINT (120.5699426 16.4299907),120.5699426,16.4299907
Baguio,ELLEN,3,POINT (120.5699426 16.4299907),120.5699426,16.4299907
Baguio,DOKSURI,3,POINT (120.5699426 16.4299907),120.5699426,16.4299907
Baguio,DOKSURI,4,POINT (120.5699426 16.4299907),120.5699426,16.4299907
Roseau,ALLEN,3,POINT (-61.387013 15.3010156),-61.387013,15.3010156
Roseau,ALLEN,4,POINT (-61.387013 15.3010156),-61.387013,15.3010156
Roseau,NOT_NAMED,3,POINT (-61.387013 15.3010156),-61.387013,15.3010156
Roseau,DAVID,4,POINT (-61.387013 15.3010156),-61.387013,15.3010156
Roseau,MARIA,3,POINT (-61.387013 15.3010156),-61.387013,15.3010156
Roseau,MARIA,4,POINT (-61.387013 15.3010156),-61.387013,15.3010156
Roseau,DEAN,3,POINT (-61.387013 15.3010156),-61.387013,15.3010156
Roseau,MARIA,5,POINT (-61.387013 15.3010156),-61.387013,15.3010156
Roseau,HUGO,4,POINT (-61.387013 15.3010156),-61.387013,15.3010156
Roseau,CLEO,3,POINT (-61.387013 15.3010156),-61.387013,15.3010156
Roseau,NOT_NAMED,4,POINT (-61.387013 15.3010156),-61.387013,15.3010156
Roseau,INEZ,3,POINT (-61.387013 15.3010156),-61.387013,15.3010156
Roseau,DOG,3,POINT (-61.387013 15.3010156),-61.387013,15.3010156
Roseau,CLEO,4,POINT (-61.387013 15.3010156),-61.387013,15.3010156
Roseau,GEORGES,4,POINT (-61.387013 15.3010156),-61.387013,15.3010156
Roseau,DOG,4,POINT (-61.387013 15.3010156),-61.387013,15.3010156
Roseau,GEORGES,3,POINT (-61.387013 15.3010156),-61.387013,15.3010156
Roseau,DONNA,3,POINT (-61.387013 15.3010156),-61.387013,15.3010156
Roseau,JOSE,4,POINT (-61.387013 15.3010156),-61.387013,15.3010156
Roseau,LUIS,4,POINT (-61.387013 15.3010156),-61.387013,15.3010156
Roseau,IRMA,5,POINT (-61.387013 15.3010156),-61.387013,15.3010156
Kyoto,THELMA,3,POINT (135.7480521 35.0319381),135.7480521,35.0319381
Kyoto,ROKE,3,POINT (135.7480521 35.0319381),135.7480521,35.0319381
Kyoto,MA-ON,3,POINT (135.7480521 35.0319381),135.7480521,35.0319381
Kyoto,MA-ON,4,POINT (135.7480521 35.0319381),135.7480521,35.0319381
Kyoto,LUCY,4,POINT (135.7480521 35.0319381),135.7480521,35.0319381
Kyoto,LUCY,3,POINT (135.7480521 35.0319381),135.7480521,35.0319381
Kyoto,VERA,4,POINT (135.7480521 35.0319381),135.7480521,35.0319381
Kyoto,SHIRLEY,3,POINT (135.7480521 35.0319381),135.7480521,35.0319381
Kyoto,VERA,3,POINT (135.7480521 35.0319381),135.7480521,35.0319381
Bridgetown,IVAN,3,POINT (-59.6165267 13.1020026),-59.6165267,13.1020026
Bridgetown,ALLEN,3,POINT (-59.6165267 13.1020026),-59.6165267,13.1020026
Bridgetown,DAVID,4,POINT (-59.6165267 13.1020026),-59.6165267,13.1020026
Bridgetown,ALLEN,4,POINT (-59.6165267 13.1020026),-59.6165267,13.1020026
Bridgetown,NOT_NAMED,3,POINT (-59.6165267 13.1020026),-59.6165267,13.1020026
Bridgetown,MARIA,3,POINT (-59.6165267 13.1020026),-59.6165267,13.1020026
Bridgetown,MARIA,4,POINT (-59.6165267 13.1020026),-59.6165267,13.1020026
Bridgetown,MARIA,5,POINT (-59.6165267 13.1020026),-59.6165267,13.1020026
Bridgetown,HUGO,4,POINT (-59.6165267 13.1020026),-59.6165267,13.1020026
Bridgetown,CLEO,3,POINT (-59.6165267 13.1020026),-59.6165267,13.1020026
Kingstown,IVAN,3,POINT (-61.220236420747256 13.155756013621149),-61.220236420747256,13.155756013621149
Kingstown,ALLEN,3,POINT (-61.220236420747256 13.155756013621149),-61.220236420747256,13.155756013621149
Kingstown,IVAN,4,POINT (-61.220236420747256 13.155756013621149),-61.220236420747256,13.155756013621149
Kingstown,ALLEN,4,POINT (-61.220236420747256 13.155756013621149),-61.220236420747256,13.155756013621149
Kingstown,NOT_NAMED,3,POINT (-61.220236420747256 13.155756013621149),-61.220236420747256,13.155756013621149
Kingstown,DAVID,4,POINT (-61.220236420747256 13.155756013621149),-61.220236420747256,13.155756013621149
Kingstown,MARIA,3,POINT (-61.220236420747256 13.155756013621149),-61.220236420747256,13.155756013621149
Kingstown,MARIA,4,POINT (-61.220236420747256 13.155756013621149),-61.220236420747256,13.155756013621149
Kingstown,DEAN,3,POINT (-61.220236420747256 13.155756013621149),-61.220236420747256,13.155756013621149
Kingstown,MARIA,5,POINT (-61.220236420747256 13.155756013621149),-61.220236420747256,13.155756013621149
Kingstown,CLEO,3,POINT (-61.220236420747256 13.155756013621149),-61.220236420747256,13.155756013621149
Castries,IVAN,3,POINT (-60.99287543435381 14.007874585883364),-60.99287543435381,14.007874585883364
Castries,ALLEN,3,POINT (-60.99287543435381 14.007874585883364),-60.99287543435381,14.007874585883364
Castries,IVAN,4,POINT (-60.99287543435381 14.007874585883364),-60.99287543435381,14.007874585883364
Castries,ALLEN,4,POINT (-60.99287543435381 14.007874585883364),-60.99287543435381,14.007874585883364
Castries,NOT_NAMED,3,POINT (-60.99287543435381 14.007874585883364),-60.99287543435381,14.007874585883364
Castries,DAVID,4,POINT (-60.99287543435381 14.007874585883364),-60.99287543435381,14.007874585883364
Castries,MARIA,3,POINT (-60.99287543435381 14.007874585883364),-60.99287543435381,14.007874585883364
Castries,MARIA,4,POINT (-60.99287543435381 14.007874585883364),-60.99287543435381,14.007874585883364
Castries,DEAN,3,POINT (-60.99287543435381 14.007874585883364),-60.99287543435381,14.007874585883364
Castries,MARIA,5,POINT (-60.99287543435381 14.007874585883364),-60.99287543435381,14.007874585883364
Castries,HUGO,4,POINT (-60.99287543435381 14.007874585883364),-60.99287543435381,14.007874585883364
Castries,CLEO,3,POINT (-60.99287543435381 14.007874585883364),-60.99287543435381,14.007874585883364
Castries,NOT_NAMED,4,POINT (-60.99287543435381 14.007874585883364),-60.99287543435381,14.007874585883364
Castries,INEZ,3,POINT (-60.99287543435381 14.007874585883364),-60.99287543435381,14.007874585883364
Castries,CLEO,4,POINT (-60.99287543435381 14.007874585883364),-60.99287543435381,14.007874585883364
Castries,DOG,3,POINT (-60.99287543435381 14.007874585883364),-60.99287543435381,14.007874585883364
Castries,DOG,4,POINT (-60.99287543435381 14.007874585883364),-60.99287543435381,14.007874585883364
Basseterre,NOT_NAMED,3,POINT (-62.7170093 17.3020305),-62.7170093,17.3020305
Basseterre,DAVID,5,POINT (-62.7170093 17.3020305),-62.7170093,17.3020305
Basseterre,CLEO,4,POINT (-62.7170093 17.3020305),-62.7170093,17.3020305
Basseterre,DEAN,3,POINT (-62.7170093 17.3020305),-62.7170093,17.3020305
Basseterre,DAVID,4,POINT (-62.7170093 17.3020305),-62.7170093,17.3020305
Basseterre,MARIA,5,POINT (-62.7170093 17.3020305),-62.7170093,17.3020305
Basseterre,CLEO,3,POINT (-62.7170093 17.3020305),-62.7170093,17.3020305
Basseterre,MARIA,4,POINT (-62.7170093 17.3020305),-62.7170093,17.3020305
Basseterre,NOT_NAMED,4,POINT (-62.7170093 17.3020305),-62.7170093,17.3020305
Basseterre,HUGO,4,POINT (-62.7170093 17.3020305),-62.7170093,17.3020305
Basseterre,INEZ,3,POINT (-62.7170093 17.3020305),-62.7170093,17.3020305
Basseterre,DOG,4,POINT (-62.7170093 17.3020305),-62.7170093,17.3020305
Basseterre,GEORGES,3,POINT (-62.7170093 17.3020305),-62.7170093,17.3020305
Basseterre,LUIS,4,POINT (-62.7170093 17.3020305),-62.7170093,17.3020305
Basseterre,DONNA,3,POINT (-62.7170093 17.3020305),-62.7170093,17.3020305
Basseterre,IRMA,5,POINT (-62.7170093 17.3020305),-62.7170093,17.3020305
Basseterre,JOSE,4,POINT (-62.7170093 17.3020305),-62.7170093,17.3020305
Basseterre,INEZ,4,POINT (-62.7170093 17.3020305),-62.7170093,17.3020305
Basseterre,LENNY,4,POINT (-62.7170093 17.3020305),-62.7170093,17.3020305
Basseterre,NOT_NAMED,5,POINT (-62.7170093 17.3020305),-62.7170093,17.3020305
Basseterre,OMAR,3,POINT (-62.7170093 17.3020305),-62.7170093,17.3020305
Basseterre,DOG,3,POINT (-62.7170093 17.3020305),-62.7170093,17.3020305
Basseterre,LENNY,3,POINT (-62.7170093 17.3020305),-62.7170093,17.3020305
Basseterre,OMAR,4,POINT (-62.7170093 17.3020305),-62.7170093,17.3020305
Basseterre,EARL,3,POINT (-62.7170093 17.3020305),-62.7170093,17.3020305
Basseterre,EARL,4,POINT (-62.7170093 17.3020305),-62.7170093,17.3020305
Basseterre,CONNIE,3,POINT (-62.7170093 17.3020305),-62.7170093,17.3020305
Basseterre,FRANCES,4,POINT (-62.7170093 17.3020305),-62.7170093,17.3020305
Port Louis,ANACELLE,4,POINT (57.4999939 -20.1666386),57.4999939,-20.1666386
Port Louis,HOLLANDA,3,POINT (57.4999939 -20.1666386),57.4999939,-20.1666386
Port Louis,EDWINA,3,POINT (57.4999939 -20.1666386),57.4999939,-20.1666386
Port Louis,GUILLAUME,4,POINT (57.4999939 -20.1666386),57.4999939,-20.1666386
Port Louis,LAURE,3,POINT (57.4999939 -20.1666386),57.4999939,-20.1666386
Port Louis,JACINTHE,3,POINT (57.4999939 -20.1666386),57.4999939,-20.1666386
Port Louis,FLORINE,3,POINT (57.4999939 -20.1666386),57.4999939,-20.1666386
Port Louis,GERRY,3,POINT (57.4999939 -20.1666386),57.4999939,-20.1666386
Port Louis,DINA,4,POINT (57.4999939 -20.1666386),57.4999939,-20.1666386
Port Louis,ANACELLE,3,POINT (57.4999939 -20.1666386),57.4999939,-20.1666386
Port Louis,CILIDA,3,POINT (57.4999939 -20.1666386),57.4999939,-20.1666386
Port Louis,DAVINA,3,POINT (57.4999939 -20.1666386),57.4999939,-20.1666386
Port Louis,FREDDY,4,POINT (57.4999939 -20.1666386),57.4999939,-20.1666386
Port Louis,BATSIRAI,4,POINT (57.4999939 -20.1666386),57.4999939,-20.1666386
Port Louis,HEROLD,3,POINT (57.4999939 -20.1666386),57.4999939,-20.1666386
Port Louis,BONITA,4,POINT (57.4999939 -20.1666386),57.4999939,-20.1666386
Port Louis,CILIDA,4,POINT (57.4999939 -20.1666386),57.4999939,-20.1666386
Port Louis,LITANNE,4,POINT (57.4999939 -20.1666386),57.4999939,-20.1666386
Port Louis,BATSIRAI,3,POINT (57.4999939 -20.1666386),57.4999939,-20.1666386
Port Louis,GELENA,4,POINT (57.4999939 -20.1666386),57.4999939,-20.1666386
Port Louis,CONNIE,3,POINT (57.4999939 -20.1666386),57.4999939,-20.1666386
Port Louis,BONITA,3,POINT (57.4999939 -20.1666386),57.4999939,-20.1666386
Port Louis,GIOVANNA,3,POINT (57.4999939 -20.1666386),57.4999939,-20.1666386
Port Louis,BANSI,4,POINT (57.4999939 -20.1666386),57.4999939,-20.1666386
Port Louis,BANSI,5,POINT (57.4999939 -20.1666386),57.4999939,-20.1666386
Saint George's,IVAN,3,POINT (-61.7416432 12.0526334),-61.7416432,12.0526334
Saint George's,ALLEN,3,POINT (-61.7416432 12.0526334),-61.7416432,12.0526334
Saint George's,IVAN,4,POINT (-61.7416432 12.0526334),-61.7416432,12.0526334
Saint George's,ALLEN,4,POINT (-61.7416432 12.0526334),-61.7416432,12.0526334
Saint George's,NOT_NAMED,3,POINT (-61.7416432 12.0526334),-61.7416432,12.0526334
Saint John's,NOT_NAMED,3,POINT (-61.8500338 17.1180365),-61.8500338,17.1180365
Saint John's,DAVID,5,POINT (-61.8500338 17.1180365),-61.8500338,17.1180365
Saint John's,CLEO,4,POINT (-61.8500338 17.1180365),-61.8500338,17.1180365
Saint John's,MARIA,3,POINT (-61.8500338 17.1180365),-61.8500338,17.1180365
Saint John's,MARIA,4,POINT (-61.8500338 17.1180365),-61.8500338,17.1180365
Saint John's,DEAN,3,POINT (-61.8500338 17.1180365),-61.8500338,17.1180365
Saint John's,DAVID,4,POINT (-61.8500338 17.1180365),-61.8500338,17.1180365
Saint John's,MARIA,5,POINT (-61.8500338 17.1180365),-61.8500338,17.1180365
Saint John's,CLEO,3,POINT (-61.8500338 17.1180365),-61.8500338,17.1180365
Saint John's,NOT_NAMED,4,POINT (-61.8500338 17.1180365),-61.8500338,17.1180365
Saint John's,HUGO,4,POINT (-61.8500338 17.1180365),-61.8500338,17.1180365
Saint John's,INEZ,3,POINT (-61.8500338 17.1180365),-61.8500338,17.1180365
Saint John's,DOG,3,POINT (-61.8500338 17.1180365),-61.8500338,17.1180365
Saint John's,DOG,4,POINT (-61.8500338 17.1180365),-61.8500338,17.1180365
Saint John's,GEORGES,3,POINT (-61.8500338 17.1180365),-61.8500338,17.1180365
Saint John's,DONNA,3,POINT (-61.8500338 17.1180365),-61.8500338,17.1180365
Saint John's,IRMA,5,POINT (-61.8500338 17.1180365),-61.8500338,17.1180365
Saint John's,JOSE,4,POINT (-61.8500338 17.1180365),-61.8500338,17.1180365
Saint John's,LUIS,4,POINT (-61.8500338 17.1180365),-61.8500338,17.1180365
Saint John's,INEZ,4,POINT (-61.8500338 17.1180365),-61.8500338,17.1180365
Saint John's,NOT_NAMED,5,POINT (-61.8500338 17.1180365),-61.8500338,17.1180365
Saint John's,LENNY,4,POINT (-61.8500338 17.1180365),-61.8500338,17.1180365
Saint John's,LENNY,3,POINT (-61.8500338 17.1180365),-61.8500338,17.1180365
Saint John's,OMAR,4,POINT (-61.8500338 17.1180365),-61.8500338,17.1180365
Saint John's,EARL,3,POINT (-61.8500338 17.1180365),-61.8500338,17.1180365
Saint John's,OMAR,3,POINT (-61.8500338 17.1180365),-61.8500338,17.1180365
Saint John's,FRANCES,3,POINT (-61.8500338 17.1180365),-61.8500338,17.1180365
Saint John's,FRANCES,4,POINT (-61.8500338 17.1180365),-61.8500338,17.1180365
Port Vila,PREMA,4,POINT (168.3166406 -17.7333504),168.3166406,-17.7333504
Port Vila,IVY,3,POINT (168.3166406 -17.7333504),168.3166406,-17.7333504
Port Vila,JASMINE,3,POINT (168.3166406 -17.7333504),168.3166406,-17.7333504
Port Vila,JUDY,3,POINT (168.3166406 -17.7333504),168.3166406,-17.7333504
Port Vila,PAM,5,POINT (168.3166406 -17.7333504),168.3166406,-17.7333504
Port Vila,KEVIN,3,POINT (168.3166406 -17.7333504),168.3166406,-17.7333504
Port Vila,BENI,3,POINT (168.3166406 -17.7333504),168.3166406,-17.7333504
Port Vila,ATU,3,POINT (168.3166406 -17.7333504),168.3166406,-17.7333504
Port Vila,FRAN,4,POINT (168.3166406 -17.7333504),168.3166406,-17.7333504
Port Vila,DONNA,3,POINT (168.3166406 -17.7333504),168.3166406,-17.7333504
Port Vila,BENI,4,POINT (168.3166406 -17.7333504),168.3166406,-17.7333504
Port Vila,BOLA,3,POINT (168.3166406 -17.7333504),168.3166406,-17.7333504
Port Vila,FRAN,5,POINT (168.3166406 -17.7333504),168.3166406,-17.7333504
Port Vila,ATU,4,POINT (168.3166406 -17.7333504),168.3166406,-17.7333504
Port Vila,HOLA,3,POINT (168.3166406 -17.7333504),168.3166406,-17.7333504
Port Vila,HAROLD,4,POINT (168.3166406 -17.7333504),168.3166406,-17.7333504
Port Vila,HAROLD,5,POINT (168.3166406 -17.7333504),168.3166406,-17.7333504
Port Vila,LOLA,3,POINT (168.3166406 -17.7333504),168.3166406,-17.7333504
Port Vila,LOLA,4,POINT (168.3166406 -17.7333504),168.3166406,-17.7333504
Port Vila,PREMA,3,POINT (168.3166406 -17.7333504),168.3166406,-17.7333504
Tegucigalpa,IRIS,3,POINT (-87.2194752 14.1039908),-87.2194752,14.1039908
Tegucigalpa,IRIS,4,POINT (-87.2194752 14.1039908),-87.2194752,14.1039908
Tegucigalpa,GRETA,3,POINT (-87.2194752 14.1039908),-87.2194752,14.1039908
Port-au-Prince,NOT_NAMED,3,POINT (-72.3379804 18.5429705),-72.3379804,18.5429705
Port-au-Prince,ALLEN,5,POINT (-72.3379804 18.5429705),-72.3379804,18.5429705
Port-au-Prince,FLORA,4,POINT (-72.3379804 18.5429705),-72.3379804,18.5429705
Port-au-Prince,DEAN,4,POINT (-72.3379804 18.5429705),-72.3379804,18.5429705
Port-au-Prince,GILBERT,3,POINT (-72.3379804 18.5429705),-72.3379804,18.5429705
Port-au-Prince,MATTHEW,4,POINT (-72.3379804 18.5429705),-72.3379804,18.5429705
Port-au-Prince,HAZEL,3,POINT (-72.3379804 18.5429705),-72.3379804,18.5429705
Port-au-Prince,CLEO,4,POINT (-72.3379804 18.5429705),-72.3379804,18.5429705
Port-au-Prince,INEZ,5,POINT (-72.3379804 18.5429705),-72.3379804,18.5429705
Port-au-Prince,INEZ,4,POINT (-72.3379804 18.5429705),-72.3379804,18.5429705
Port-au-Prince,EMILY,3,POINT (-72.3379804 18.5429705),-72.3379804,18.5429705
Port-au-Prince,INEZ,3,POINT (-72.3379804 18.5429705),-72.3379804,18.5429705
Port-au-Prince,DAVID,5,POINT (-72.3379804 18.5429705),-72.3379804,18.5429705
Port-au-Prince,NOT_NAMED,4,POINT (-72.3379804 18.5429705),-72.3379804,18.5429705
Port-au-Prince,ALLEN,4,POINT (-72.3379804 18.5429705),-72.3379804,18.5429705
Port-au-Prince,FLORA,3,POINT (-72.3379804 18.5429705),-72.3379804,18.5429705
Port-au-Prince,DAVID,4,POINT (-72.3379804 18.5429705),-72.3379804,18.5429705
Port-au-Prince,DAVID,3,POINT (-72.3379804 18.5429705),-72.3379804,18.5429705
Port-au-Prince,IRMA,5,POINT (-72.3379804 18.5429705),-72.3379804,18.5429705
Port-au-Prince,IKE,3,POINT (-72.3379804 18.5429705),-72.3379804,18.5429705
Port-au-Prince,IKE,4,POINT (-72.3379804 18.5429705),-72.3379804,18.5429705
Managua,JOAN:MIRIAM,4,POINT (-86.2704375 12.1549624),-86.2704375,12.1549624
Port Moresby,ITA,3,POINT (147.1925036 -9.4647078),147.1925036,-9.4647078
Panama City,JOAN:MIRIAM,3,POINT (-79.534983 8.969963),-79.534983,8.969963
Muscat,PHET,3,POINT (58.37831058458708 23.58517901476684),58.37831058458708,23.58517901476684
Muscat,GONU,3,POINT (58.37831058458708 23.58517901476684),58.37831058458708,23.58517901476684
Antananarivo,GIOVANNA,3,POINT (47.514678 -18.9146915),47.514678,-18.9146915
Antananarivo,GIOVANNA,4,POINT (47.514678 -18.9146915),47.514678,-18.9146915
Antananarivo,LITANNE,3,POINT (47.514678 -18.9146915),47.514678,-18.9146915
Antananarivo,BONITA,3,POINT (47.514678 -18.9146915),47.514678,-18.9146915
Antananarivo,BATSIRAI,3,POINT (47.514678 -18.9146915),47.514678,-18.9146915
Antananarivo,LITANNE,4,POINT (47.514678 -18.9146915),47.514678,-18.9146915
Antananarivo,GERALDA,3,POINT (47.514678 -18.9146915),47.514678,-18.9146915
San José,NOT_NAMED,3,POINT (-84.07881396964633 9.930370727948475),-84.07881396964633,9.930370727948475
San José,JOAN:MIRIAM,4,POINT (-84.07881396964633 9.930370727948475),-84.07881396964633,9.930370727948475
San José,OTTO,3,POINT (-84.07881396964633 9.930370727948475),-84.07881396964633,9.930370727948475
San Salvador,IRIS,3,POINT (-89.2155758045276 13.703280259193864),-89.2155758045276,13.703280259193864
Kingston,NOT_NAMED,4,POINT (-76.7674337 17.9770766),-76.7674337,17.9770766
Kingston,HAZEL,3,POINT (-76.7674337 17.9770766),-76.7674337,17.9770766
Kingston,EMILY,4,POINT (-76.7674337 17.9770766),-76.7674337,17.9770766
Kingston,MATTHEW,4,POINT (-76.7674337 17.9770766),-76.7674337,17.9770766
Kingston,NOT_NAMED,3,POINT (-76.7674337 17.9770766),-76.7674337,17.9770766
Kingston,EMILY,5,POINT (-76.7674337 17.9770766),-76.7674337,17.9770766
Kingston,IVAN,4,POINT (-76.7674337 17.9770766),-76.7674337,17.9770766
Kingston,DEAN,4,POINT (-76.7674337 17.9770766),-76.7674337,17.9770766
Kingston,CHARLIE,3,POINT (-76.7674337 17.9770766),-76.7674337,17.9770766
Kingston,GILBERT,3,POINT (-76.7674337 17.9770766),-76.7674337,17.9770766
Kingston,IVAN,5,POINT (-76.7674337 17.9770766),-76.7674337,17.9770766
Kingston,GILBERT,4,POINT (-76.7674337 17.9770766),-76.7674337,17.9770766
Kingston,ALLEN,4,POINT (-76.7674337 17.9770766),-76.7674337,17.9770766
Kingston,DENNIS,3,POINT (-76.7674337 17.9770766),-76.7674337,17.9770766
Kingston,DENNIS,4,POINT (-76.7674337 17.9770766),-76.7674337,17.9770766
Kingston,INEZ,3,POINT (-76.7674337 17.9770766),-76.7674337,17.9770766
Kingston,SANDY,3,POINT (-76.7674337 17.9770766),-76.7674337,17.9770766
Guatemala City,IRIS,3,POINT (-90.5289114 14.6230805),-90.5289114,14.6230805
Suva,PAULA,3,POINT (178.4417073 -18.1330159),178.4417073,-18.1330159
Suva,HINA,3,POINT (178.4417073 -18.1330159),178.4417073,-18.1330159
Suva,HAROLD,4,POINT (178.4417073 -18.1330159),178.4417073,-18.1330159
Suva,MELI,3,POINT (178.4417073 -18.1330159),178.4417073,-18.1330159
Suva,AMI,3,POINT (178.4417073 -18.1330159),178.4417073,-18.1330159
Suva,EVAN,3,POINT (178.4417073 -18.1330159),178.4417073,-18.1330159
Suva,SINA,3,POINT (178.4417073 -18.1330159),178.4417073,-18.1330159
Suva,EVAN,4,POINT (178.4417073 -18.1330159),178.4417073,-18.1330159
Suva,OSCAR,3,POINT (178.4417073 -18.1330159),178.4417073,-18.1330159
Suva,MELI,4,POINT (178.4417073 -18.1330159),178.4417073,-18.1330159
Suva,SINA,4,POINT (178.4417073 -18.1330159),178.4417073,-18.1330159
Suva,ERIC,3,POINT (178.4417073 -18.1330159),178.4417073,-18.1330159
Suva,HAROLD,3,POINT (178.4417073 -18.1330159),178.4417073,-18.1330159
Suva,HINA,4,POINT (178.4417073 -18.1330159),178.4417073,-18.1330159
Suva,JONI,3,POINT (178.4417073 -18.1330159),178.4417073,-18.1330159
Suva,GAVIN,3,POINT (178.4417073 -18.1330159),178.4417073,-18.1330159
Suva,WINSTON,4,POINT (178.4417073 -18.1330159),178.4417073,-18.1330159
Suva,WINSTON,5,POINT (178.4417073 -18.1330159),178.4417073,-18.1330159
Suva,NIGEL,3,POINT (178.4417073 -18.1330159),178.4417073,-18.1330159
Suva,YASA,3,POINT (178.4417073 -18.1330159),178.4417073,-18.1330159
Suva,YASA,4,POINT (178.4417073 -18.1330159),178.4417073,-18.1330159
Suva,GAVIN,4,POINT (178.4417073 -18.1330159),178.4417073,-18.1330159
Suva,DAMAN,3,POINT (178.4417073 -18.1330159),178.4417073,-18.1330159
Belmopan,IRIS,3,POINT (-88.767073 17.2520335),-88.767073,17.2520335
Belmopan,IRIS,4,POINT (-88.767073 17.2520335),-88.767073,17.2520335
Belmopan,GRETA,3,POINT (-88.767073 17.2520335),-88.767073,17.2520335
Belmopan,HATTIE,3,POINT (-88.767073 17.2520335),-88.767073,17.2520335
Belmopan,NOT_NAMED,3,POINT (-88.767073 17.2520335),-88.767073,17.2520335
Belmopan,HATTIE,4,POINT (-88.767073 17.2520335),-88.767073,17.2520335
Belmopan,NOT_NAMED,4,POINT (-88.767073 17.2520335),-88.767073,17.2520335
Belmopan,KEITH,3,POINT (-88.767073 17.2520335),-88.767073,17.2520335
Belmopan,KEITH,4,POINT (-88.767073 17.2520335),-88.767073,17.2520335
Belmopan,HATTIE,5,POINT (-88.767073 17.2520335),-88.767073,17.2520335
Belmopan,CARMEN,4,POINT (-88.767073 17.2520335),-88.767073,17.2520335
Belmopan,JANET,5,POINT (-88.767073 17.2520335),-88.767073,17.2520335
Belmopan,DEAN,5,POINT (-88.767073 17.2520335),-88.767073,17.2520335
Belmopan,CARMEN,3,POINT (-88.767073 17.2520335),-88.767073,17.2520335
Belmopan,JANET,4,POINT (-88.767073 17.2520335),-88.767073,17.2520335
Belmopan,DEAN,3,POINT (-88.767073 17.2520335),-88.767073,17.2520335
Belmopan,JANET,3,POINT (-88.767073 17.2520335),-88.767073,17.2520335
Belmopan,HILDA,3,POINT (-88.767073 17.2520335),-88.767073,17.2520335
Naypyidaw,GIRI,3,POINT (96.1166727 19.7685029),96.1166727,19.7685029
Nuku'alofa,IAN,4,POINT (-175.2205645 -21.1385124),-175.2205645,-21.1385124
Nuku'alofa,WAKA,3,POINT (-175.2205645 -21.1385124),-175.2205645,-21.1385124
Nuku'alofa,IAN,3,POINT (-175.2205645 -21.1385124),-175.2205645,-21.1385124
Apia,VAL,3,POINT (-171.76859897688345 -13.835714958212938),-171.76859897688345,-13.835714958212938
Apia,VAL,4,POINT (-171.76859897688345 -13.835714958212938),-171.76859897688345,-13.835714958212938
Apia,OLAF,5,POINT (-171.76859897688345 -13.835714958212938),-171.76859897688345,-13.835714958212938
Apia,OLAF,4,POINT (-171.76859897688345 -13.835714958212938),-171.76859897688345,-13.835714958212938
Nassau,NOT_NAMED,3,POINT (-77.3500438 25.0833901),-77.3500438,25.0833901
Nassau,KING,3,POINT (-77.3500438 25.0833901),-77.3500438,25.0833901
Nassau,NOT_NAMED,4,POINT (-77.3500438 25.0833901),-77.3500438,25.0833901
Nassau,DONNA,3,POINT (-77.3500438 25.0833901),-77.3500438,25.0833901
Nassau,MATTHEW,3,POINT (-77.3500438 25.0833901),-77.3500438,25.0833901
Nassau,MATTHEW,4,POINT (-77.3500438 25.0833901),-77.3500438,25.0833901
Nassau,FRANCES,3,POINT (-77.3500438 25.0833901),-77.3500438,25.0833901
Nassau,BETSY,3,POINT (-77.3500438 25.0833901),-77.3500438,25.0833901
Nassau,FLOYD,3,POINT (-77.3500438 25.0833901),-77.3500438,25.0833901
Nassau,ANDREW,5,POINT (-77.3500438 25.0833901),-77.3500438,25.0833901
Nassau,ANDREW,4,POINT (-77.3500438 25.0833901),-77.3500438,25.0833901
Nassau,NOT_NAMED,5,POINT (-77.3500438 25.0833901),-77.3500438,25.0833901
Nassau,HAZEL,3,POINT (-77.3500438 25.0833901),-77.3500438,25.0833901
Nassau,DORIAN,5,POINT (-77.3500438 25.0833901),-77.3500438,25.0833901
Nassau,JEANNE,3,POINT (-77.3500438 25.0833901),-77.3500438,25.0833901
Nassau,DORIAN,4,POINT (-77.3500438 25.0833901),-77.3500438,25.0833901
Nassau,DORIAN,3,POINT (-77.3500438 25.0833901),-77.3500438,25.0833901
Nassau,FLOYD,4,POINT (-77.3500438 25.0833901),-77.3500438,25.0833901
Nassau,EDNA,3,POINT (-77.3500438 25.0833901),-77.3500438,25.0833901
Hanoi,SON-TINH,3,POINT (105.8480683 21.0352731),105.8480683,21.0352731
Hanoi,RAMMASUN,3,POINT (105.8480683 21.0352731),105.8480683,21.0352731
Havana,NOT_NAMED,3,POINT (-82.366128 23.1339047),-82.366128,23.1339047
Havana,NOT_NAMED,4,POINT (-82.366128 23.1339047),-82.366128,23.1339047
Havana,GUSTAV,3,POINT (-82.366128 23.1339047),-82.366128,23.1339047
Havana,FOX,4,POINT (-82.366128 23.1339047),-82.366128,23.1339047
Havana,GUSTAV,4,POINT (-82.366128 23.1339047),-82.366128,23.1339047
Havana,MICHELLE,4,POINT (-82.366128 23.1339047),-82.366128,23.1339047
Havana,IAN,3,POINT (-82.366128 23.1339047),-82.366128,23.1339047
Havana,NOT_NAMED,5,POINT (-82.366128 23.1339047),-82.366128,23.1339047
Havana,DENNIS,4,POINT (-82.366128 23.1339047),-82.366128,23.1339047
Havana,CAMILLE,3,POINT (-82.366128 23.1339047),-82.366128,23.1339047
Havana,ISBELL,3,POINT (-82.366128 23.1339047),-82.366128,23.1339047
Havana,RITA,3,POINT (-82.366128 23.1339047),-82.366128,23.1339047
Havana,RITA,4,POINT (-82.366128 23.1339047),-82.366128,23.1339047
Havana,KATRINA,3,POINT (-82.366128 23.1339047),-82.366128,23.1339047
Havana,ALMA,3,POINT (-82.366128 23.1339047),-82.366128,23.1339047
Havana,DONNA,4,POINT (-82.366128 23.1339047),-82.366128,23.1339047
Havana,WILMA,3,POINT (-82.366128 23.1339047),-82.366128,23.1339047
Havana,IRMA,4,POINT (-82.366128 23.1339047),-82.366128,23.1339047
Havana,IAN,4,POINT (-82.366128 23.1339047),-82.366128,23.1339047
Havana,CHARLEY,3,POINT (-82.366128 23.1339047),-82.366128,23.1339047
Havana,BETSY,3,POINT (-82.366128 23.1339047),-82.366128,23.1339047
Havana,MICHELLE,3,POINT (-82.366128 23.1339047),-82.366128,23.1339047
Havana,DENNIS,3,POINT (-82.366128 23.1339047),-82.366128,23.1339047
Havana,FOX,3,POINT (-82.366128 23.1339047),-82.366128,23.1339047
Havana,IRMA,3,POINT (-82.366128 23.1339047),-82.366128,23.1339047
Havana,ANDREW,4,POINT (-82.366128 23.1339047),-82.366128,23.1339047
Santo Domingo,DEAN,4,POINT (-69.92974231579055 18.470745058048376),-69.92974231579055,18.470745058048376
Santo Domingo,ALLEN,5,POINT (-69.92974231579055 18.470745058048376),-69.92974231579055,18.470745058048376
Santo Domingo,EMILY,3,POINT (-69.92974231579055 18.470745058048376),-69.92974231579055,18.470745058048376
Santo Domingo,CLEO,4,POINT (-69.92974231579055 18.470745058048376),-69.92974231579055,18.470745058048376
Santo Domingo,NOT_NAMED,3,POINT (-69.92974231579055 18.470745058048376),-69.92974231579055,18.470745058048376
Santo Domingo,GILBERT,3,POINT (-69.92974231579055 18.470745058048376),-69.92974231579055,18.470745058048376
Santo Domingo,INEZ,5,POINT (-69.92974231579055 18.470745058048376),-69.92974231579055,18.470745058048376
Santo Domingo,DAVID,5,POINT (-69.92974231579055 18.470745058048376),-69.92974231579055,18.470745058048376
Santo Domingo,BEULAH,4,POINT (-69.92974231579055 18.470745058048376),-69.92974231579055,18.470745058048376
Santo Domingo,BEULAH,3,POINT (-69.92974231579055 18.470745058048376),-69.92974231579055,18.470745058048376
Santo Domingo,NOT_NAMED,4,POINT (-69.92974231579055 18.470745058048376),-69.92974231579055,18.470745058048376
Santo Domingo,GEORGES,3,POINT (-69.92974231579055 18.470745058048376),-69.92974231579055,18.470745058048376
Santo Domingo,INEZ,4,POINT (-69.92974231579055 18.470745058048376),-69.92974231579055,18.470745058048376
Santo Domingo,INEZ,3,POINT (-69.92974231579055 18.470745058048376),-69.92974231579055,18.470745058048376
Santo Domingo,MARIA,3,POINT (-69.92974231579055 18.470745058048376),-69.92974231579055,18.470745058048376
Santo Domingo,DAVID,4,POINT (-69.92974231579055 18.470745058048376),-69.92974231579055,18.470745058048376
Santo Domingo,DAVID,3,POINT (-69.92974231579055 18.470745058048376),-69.92974231579055,18.470745058048376
Santo Domingo,IRMA,5,POINT (-69.92974231579055 18.470745058048376),-69.92974231579055,18.470745058048376
Santo Domingo,FIONA,3,POINT (-69.92974231579055 18.470745058048376),-69.92974231579055,18.470745058048376
Dhaka,NOT_NAMED,5,POINT (90.4066336 23.7250056),90.4066336,23.7250056
Dhaka,NOT_NAMED,4,POINT (90.4066336 23.7250056),90.4066336,23.7250056
Dhaka,SIDR,4,POINT (90.4066336 23.7250056),90.4066336,23.7250056
Dhaka,NOT_NAMED,3,POINT (90.4066336 23.7250056),90.4066336,23.7250056
Dhaka,SIDR,3,POINT (90.4066336 23.7250056),90.4066336,23.7250056
Yangon,NARGIS,4,POINT (96.1647318 16.7853),96.1647318,16.7853
Yangon,NARGIS,3,POINT (96.1647318 16.7853),96.1647318,16.7853
Yangon,MALA,3,POINT (96.1647318 16.7853),96.1647318,16.7853
Yangon,NOT_NAMED,3,POINT (96.1647318 16.7853),96.1647318,16.7853
Houston,CARLA,4,POINT (-95.34843625672217 29.741272831862542),-95.34843625672217,29.741272831862542
Houston,NOT_NAMED,3,POINT (-95.34843625672217 29.741272831862542),-95.34843625672217,29.741272831862542
Houston,CELIA,3,POINT (-95.34843625672217 29.741272831862542),-95.34843625672217,29.741272831862542
Houston,NOT_NAMED,4,POINT (-95.34843625672217 29.741272831862542),-95.34843625672217,29.741272831862542
Houston,HARVEY,3,POINT (-95.34843625672217 29.741272831862542),-95.34843625672217,29.741272831862542
Houston,HARVEY,4,POINT (-95.34843625672217 29.741272831862542),-95.34843625672217,29.741272831862542
Houston,CELIA,4,POINT (-95.34843625672217 29.741272831862542),-95.34843625672217,29.741272831862542
Houston,AUDREY,3,POINT (-95.34843625672217 29.741272831862542),-95.34843625672217,29.741272831862542
Houston,LAURA,4,POINT (-95.34843625672217 29.741272831862542),-95.34843625672217,29.741272831862542
Houston,ALICIA,3,POINT (-95.34843625672217 29.741272831862542),-95.34843625672217,29.741272831862542
Houston,CARLA,3,POINT (-95.34843625672217 29.741272831862542),-95.34843625672217,29.741272831862542
Houston,RITA,3,POINT (-95.34843625672217 29.741272831862542),-95.34843625672217,29.741272831862542
Houston,LAURA,3,POINT (-95.34843625672217 29.741272831862542),-95.34843625672217,29.741272831862542
Miami,NOT_NAMED,4,POINT (-80.2260519 25.7895566),-80.2260519,25.7895566
Miami,NOT_NAMED,3,POINT (-80.2260519 25.7895566),-80.2260519,25.7895566
Miami,KING,3,POINT (-80.2260519 25.7895566),-80.2260519,25.7895566
Miami,NOT_NAMED,5,POINT (-80.2260519 25.7895566),-80.2260519,25.7895566
Miami,DONNA,4,POINT (-80.2260519 25.7895566),-80.2260519,25.7895566
Miami,ISBELL,3,POINT (-80.2260519 25.7895566),-80.2260519,25.7895566
Miami,IRMA,4,POINT (-80.2260519 25.7895566),-80.2260519,25.7895566
Miami,CHARLEY,3,POINT (-80.2260519 25.7895566),-80.2260519,25.7895566
Miami,BETSY,3,POINT (-80.2260519 25.7895566),-80.2260519,25.7895566
Miami,IAN,4,POINT (-80.2260519 25.7895566),-80.2260519,25.7895566
Miami,IRMA,3,POINT (-80.2260519 25.7895566),-80.2260519,25.7895566
Miami,DONNA,3,POINT (-80.2260519 25.7895566),-80.2260519,25.7895566
Miami,MATTHEW,4,POINT (-80.2260519 25.7895566),-80.2260519,25.7895566
Miami,ANDREW,4,POINT (-80.2260519 25.7895566),-80.2260519,25.7895566
Miami,ANDREW,5,POINT (-80.2260519 25.7895566),-80.2260519,25.7895566
Miami,WILMA,3,POINT (-80.2260519 25.7895566),-80.2260519,25.7895566
Miami,KING,4,POINT (-80.2260519 25.7895566),-80.2260519,25.7895566
Miami,IAN,5,POINT (-80.2260519 25.7895566),-80.2260519,25.7895566
Miami,CHARLEY,4,POINT (-80.2260519 25.7895566),-80.2260519,25.7895566
Miami,DORIAN,5,POINT (-80.2260519 25.7895566),-80.2260519,25.7895566
Miami,DORIAN,4,POINT (-80.2260519 25.7895566),-80.2260519,25.7895566
Miami,JEANNE,3,POINT (-80.2260519 25.7895566),-80.2260519,25.7895566
Miami,DORIAN,3,POINT (-80.2260519 25.7895566),-80.2260519,25.7895566
Miami,MATTHEW,3,POINT (-80.2260519 25.7895566),-80.2260519,25.7895566
Miami,IAN,3,POINT (-80.2260519 25.7895566),-80.2260519,25.7895566
Caracas,IVAN,4,POINT (-66.9189831 10.5029444),-66.9189831,10.5029444
Manila,GILDA,3,POINT (120.9802713 14.6061048),120.9802713,14.6061048
Manila,UTOR,3,POINT (120.9802713 14.6061048),120.9802713,14.6061048
Manila,PHANFONE,3,POINT (120.9802713 14.6061048),120.9802713,14.6061048
Manila,GILDA,4,POINT (120.9802713 14.6061048),120.9802713,14.6061048
Manila,FENGSHEN,3,POINT (120.9802713 14.6061048),120.9802713,14.6061048
Manila,IRMA,3,POINT (120.9802713 14.6061048),120.9802713,14.6061048
Manila,SKIP,3,POINT (120.9802713 14.6061048),120.9802713,14.6061048
Manila,MELOR,4,POINT (120.9802713 14.6061048),120.9802713,14.6061048
Manila,BETTY,4,POINT (120.9802713 14.6061048),120.9802713,14.6061048
Manila,MELOR,3,POINT (120.9802713 14.6061048),120.9802713,14.6061048
Manila,KAMMURI,3,POINT (120.9802713 14.6061048),120.9802713,14.6061048
Manila,NINA,4,POINT (120.9802713 14.6061048),120.9802713,14.6061048
Manila,TRIX,3,POINT (120.9802713 14.6061048),120.9802713,14.6061048
Manila,DURIAN,3,POINT (120.9802713 14.6061048),120.9802713,14.6061048
Manila,DURIAN,4,POINT (120.9802713 14.6061048),120.9802713,14.6061048
Manila,BETTY,3,POINT (120.9802713 14.6061048),120.9802713,14.6061048
Manila,TRIX,4,POINT (120.9802713 14.6061048),120.9802713,14.6061048
Manila,HARRIET,3,POINT (120.9802713 14.6061048),120.9802713,14.6061048
Manila,NINA,3,POINT (120.9802713 14.6061048),120.9802713,14.6061048
Manila,XANGSANE,4,POINT (120.9802713 14.6061048),120.9802713,14.6061048
Manila,RAMMASUN,3,POINT (120.9802713 14.6061048),120.9802713,14.6061048
Manila,XANGSANE,3,POINT (120.9802713 14.6061048),120.9802713,14.6061048
Manila,ANGELA,4,POINT (120.9802713 14.6061048),120.9802713,14.6061048
Manila,ANGELA,5,POINT (120.9802713 14.6061048),120.9802713,14.6061048
Manila,PATSY,3,POINT (120.9802713 14.6061048),120.9802713,14.6061048
Manila,KIM,3,POINT (120.9802713 14.6061048),120.9802713,14.6061048
Manila,BABS,3,POINT (120.9802713 14.6061048),120.9802713,14.6061048
Manila,RITA,4,POINT (120.9802713 14.6061048),120.9802713,14.6061048
Manila,VAMCO,3,POINT (120.9802713 14.6061048),120.9802713,14.6061048
Manila,RUBY,4,POINT (120.9802713 14.6061048),120.9802713,14.6061048
Manila,BABS,4,POINT (120.9802713 14.6061048),120.9802713,14.6061048
Manila,NORU,4,POINT (120.9802713 14.6061048),120.9802713,14.6061048
Manila,DOT,3,POINT (120.9802713 14.6061048),120.9802713,14.6061048
Manila,KIT,4,POINT (120.9802713 14.6061048),120.9802713,14.6061048
Manila,RITA,3,POINT (120.9802713 14.6061048),120.9802713,14.6061048
Manila,OPAL,3,POINT (120.9802713 14.6061048),120.9802713,14.6061048
Manila,CARMEN,3,POINT (120.9802713 14.6061048),120.9802713,14.6061048
Manila,NORU,3,POINT (120.9802713 14.6061048),120.9802713,14.6061048
Manila,FREDA,3,POINT (120.9802713 14.6061048),120.9802713,14.6061048
Manila,SARIKA,3,POINT (120.9802713 14.6061048),120.9802713,14.6061048
Manila,NARI,3,POINT (120.9802713 14.6061048),120.9802713,14.6061048
Manila,RUBY,3,POINT (120.9802713 14.6061048),120.9802713,14.6061048
Manila,KIT,3,POINT (120.9802713 14.6061048),120.9802713,14.6061048
Manila,SARIKA,4,POINT (120.9802713 14.6061048),120.9802713,14.6061048
Manila,NANMADOL,4,POINT (120.9802713 14.6061048),120.9802713,14.6061048
Manila,KOPPU,3,POINT (120.9802713 14.6061048),120.9802713,14.6061048
Manila,CHEBI,3,POINT (120.9802713 14.6061048),120.9802713,14.6061048
Manila,THELMA,3,POINT (120.9802713 14.6061048),120.9802713,14.6061048
Manila,KOPPU,4,POINT (120.9802713 14.6061048),120.9802713,14.6061048
Manila,GEORGIA,5,POINT (120.9802713 14.6061048),120.9802713,14.6061048
Manila,IRA,3,POINT (120.9802713 14.6061048),120.9802713,14.6061048
Manila,UTOR,4,POINT (120.9802713 14.6061048),120.9802713,14.6061048
Manila,CHEBI,4,POINT (120.9802713 14.6061048),120.9802713,14.6061048
Manila,NESAT,3,POINT (120.9802713 14.6061048),120.9802713,14.6061048
Manila,NOCK-TEN,3,POINT (120.9802713 14.6061048),120.9802713,14.6061048
Manila,GONI,3,POINT (120.9802713 14.6061048),120.9802713,14.6061048
Manila,JOAN,4,POINT (120.9802713 14.6061048),120.9802713,14.6061048
Manila,JOAN,3,POINT (120.9802713 14.6061048),120.9802713,14.6061048
Manila,HARRIET,4,POINT (120.9802713 14.6061048),120.9802713,14.6061048
Manila,YUNYA,3,POINT (120.9802713 14.6061048),120.9802713,14.6061048
Manila,FREDA,4,POINT (120.9802713 14.6061048),120.9802713,14.6061048
Manila,PATSY,4,POINT (120.9802713 14.6061048),120.9802713,14.6061048
Manila,KIM,4,POINT (120.9802713 14.6061048),120.9802713,14.6061048
Manila,DOT,4,POINT (120.9802713 14.6061048),120.9802713,14.6061048
Manila,OPAL,4,POINT (120.9802713 14.6061048),120.9802713,14.6061048
Manila,ELSIE,3,POINT (120.9802713 14.6061048),120.9802713,14.6061048
Manila,THELMA,4,POINT (120.9802713 14.6061048),120.9802713,14.6061048
Manila,GEORGIA,4,POINT (120.9802713 14.6061048),120.9802713,14.6061048
Manila,NESAT,4,POINT (120.9802713 14.6061048),120.9802713,14.6061048
Manila,IMBUDO,4,POINT (120.9802713 14.6061048),120.9802713,14.6061048
Manila,CIMARON,5,POINT (120.9802713 14.6061048),120.9802713,14.6061048
Manila,GEORGIA,3,POINT (120.9802713 14.6061048),120.9802713,14.6061048
Manila,OLGA,3,POINT (120.9802713 14.6061048),120.9802713,14.6061048
Manila,CIMARON,4,POINT (120.9802713 14.6061048),120.9802713,14.6061048
Manila,NALGAE,3,POINT (120.9802713 14.6061048),120.9802713,14.6061048
Manila,NANMADOL,3,POINT (120.9802713 14.6061048),120.9802713,14.6061048
Manila,NALGAE,4,POINT (120.9802713 14.6061048),120.9802713,14.6061048
Manila,IMBUDO,3,POINT (120.9802713 14.6061048),120.9802713,14.6061048
Manila,YUTU,3,POINT (120.9802713 14.6061048),120.9802713,14.6061048
Manila,CIMARON,3,POINT (120.9802713 14.6061048),120.9802713,14.6061048
Manila,MEGI,3,POINT (120.9802713 14.6061048),120.9802713,14.6061048
Manila,KORYN,3,POINT (120.9802713 14.6061048),120.9802713,14.6061048
Manila,MEGI,4,POINT (120.9802713 14.6061048),120.9802713,14.6061048
Manila,JEAN,4,POINT (120.9802713 14.6061048),120.9802713,14.6061048
Ōsaka,VERA,5,POINT (135.50375419006232 34.691095244477914),135.50375419006232,34.691095244477914
Ōsaka,ROKE,3,POINT (135.50375419006232 34.691095244477914),135.50375419006232,34.691095244477914
Ōsaka,THELMA,3,POINT (135.50375419006232 34.691095244477914),135.50375419006232,34.691095244477914
Ōsaka,LUCY,4,POINT (135.50375419006232 34.691095244477914),135.50375419006232,34.691095244477914
Ōsaka,MA-ON,4,POINT (135.50375419006232 34.691095244477914),135.50375419006232,34.691095244477914
Ōsaka,LUCY,3,POINT (135.50375419006232 34.691095244477914),135.50375419006232,34.691095244477914
Ōsaka,VERA,4,POINT (135.50375419006232 34.691095244477914),135.50375419006232,34.691095244477914
Ōsaka,SHIRLEY,3,POINT (135.50375419006232 34.691095244477914),135.50375419006232,34.691095244477914
Ōsaka,VERA,3,POINT (135.50375419006232 34.691095244477914),135.50375419006232,34.691095244477914
Taipei,JOAN,5,POINT (121.5683333 25.0358333),121.5683333,25.0358333
Taipei,TEMBIN,4,POINT (121.5683333 25.0358333),121.5683333,25.0358333
Taipei,SARAH,4,POINT (121.5683333 25.0358333),121.5683333,25.0358333
Taipei,DOUG,4,POINT (121.5683333 25.0358333),121.5683333,25.0358333
Taipei,AMY,4,POINT (121.5683333 25.0358333),121.5683333,25.0358333
Taipei,MALAKAS,4,POINT (121.5683333 25.0358333),121.5683333,25.0358333
Taipei,RYAN,4,POINT (121.5683333 25.0358333),121.5683333,25.0358333
Taipei,MEGI,4,POINT (121.5683333 25.0358333),121.5683333,25.0358333
Taipei,OPAL,5,POINT (121.5683333 25.0358333),121.5683333,25.0358333
Taipei,DOLLY,3,POINT (121.5683333 25.0358333),121.5683333,25.0358333
Taipei,LONGWANG,4,POINT (121.5683333 25.0358333),121.5683333,25.0358333
Taipei,CLARA,3,POINT (121.5683333 25.0358333),121.5683333,25.0358333
Taipei,SOUDELOR,3,POINT (121.5683333 25.0358333),121.5683333,25.0358333
Taipei,NINA,4,POINT (121.5683333 25.0358333),121.5683333,25.0358333
Taipei,HAITANG,4,POINT (121.5683333 25.0358333),121.5683333,25.0358333
Taipei,JANGMI,4,POINT (121.5683333 25.0358333),121.5683333,25.0358333
Taipei,GRACE,4,POINT (121.5683333 25.0358333),121.5683333,25.0358333
Taipei,MALAKAS,3,POINT (121.5683333 25.0358333),121.5683333,25.0358333
Taipei,SHANSHAN,4,POINT (121.5683333 25.0358333),121.5683333,25.0358333
Taipei,NINA,3,POINT (121.5683333 25.0358333),121.5683333,25.0358333
Taipei,SINLAKU,4,POINT (121.5683333 25.0358333),121.5683333,25.0358333
Taipei,CONSON,3,POINT (121.5683333 25.0358333),121.5683333,25.0358333
Taipei,TALIM,3,POINT (121.5683333 25.0358333),121.5683333,25.0358333
Taipei,SHIRLEY,4,POINT (121.5683333 25.0358333),121.5683333,25.0358333
Taipei,SETH,3,POINT (121.5683333 25.0358333),121.5683333,25.0358333
Taipei,DUJUAN,4,POINT (121.5683333 25.0358333),121.5683333,25.0358333
Taipei,CECIL,4,POINT (121.5683333 25.0358333),121.5683333,25.0358333
Taipei,ELSIE,3,POINT (121.5683333 25.0358333),121.5683333,25.0358333
Taipei,KROSA,4,POINT (121.5683333 25.0358333),121.5683333,25.0358333
Taipei,GLADYS,3,POINT (121.5683333 25.0358333),121.5683333,25.0358333
Taipei,SINLAKU,3,POINT (121.5683333 25.0358333),121.5683333,25.0358333
Taipei,PAMELA,5,POINT (121.5683333 25.0358333),121.5683333,25.0358333
Taipei,GRACE,3,POINT (121.5683333 25.0358333),121.5683333,25.0358333
Taipei,FANAPI,3,POINT (121.5683333 25.0358333),121.5683333,25.0358333
Taipei,MARY,5,POINT (121.5683333 25.0358333),121.5683333,25.0358333
Taipei,GONI,3,POINT (121.5683333 25.0358333),121.5683333,25.0358333
Taipei,BESS,4,POINT (121.5683333 25.0358333),121.5683333,25.0358333
Taipei,WIPHA,4,POINT (121.5683333 25.0358333),121.5683333,25.0358333
Taipei,HERB,4,POINT (121.5683333 25.0358333),121.5683333,25.0358333
Taipei,MARY,4,POINT (121.5683333 25.0358333),121.5683333,25.0358333
Taipei,BESS,3,POINT (121.5683333 25.0358333),121.5683333,25.0358333
Taipei,MARY,3,POINT (121.5683333 25.0358333),121.5683333,25.0358333
Taipei,VERA,3,POINT (121.5683333 25.0358333),121.5683333,25.0358333
Taipei,CECIL,3,POINT (121.5683333 25.0358333),121.5683333,25.0358333
Taipei,GLORIA,3,POINT (121.5683333 25.0358333),121.5683333,25.0358333
Taipei,GLORIA,4,POINT (121.5683333 25.0358333),121.5683333,25.0358333
Taipei,BETTY,3,POINT (121.5683333 25.0358333),121.5683333,25.0358333
Taipei,FRED,4,POINT (121.5683333 25.0358333),121.5683333,25.0358333
Taipei,CORA,5,POINT (121.5683333 25.0358333),121.5683333,25.0358333
Taipei,TRIX,3,POINT (121.5683333 25.0358333),121.5683333,25.0358333
Taipei,CHANTHU,3,POINT (121.5683333 25.0358333),121.5683333,25.0358333
Taipei,DOUG,3,POINT (121.5683333 25.0358333),121.5683333,25.0358333
Taipei,KHANUN,3,POINT (121.5683333 25.0358333),121.5683333,25.0358333
Taipei,LEKIMA,4,POINT (121.5683333 25.0358333),121.5683333,25.0358333
Taipei,SAOMAI,5,POINT (121.5683333 25.0358333),121.5683333,25.0358333
Taipei,FRED,3,POINT (121.5683333 25.0358333),121.5683333,25.0358333
Taipei,KHANUN,4,POINT (121.5683333 25.0358333),121.5683333,25.0358333
Taipei,ALICE,4,POINT (121.5683333 25.0358333),121.5683333,25.0358333
Taipei,LEKIMA,3,POINT (121.5683333 25.0358333),121.5683333,25.0358333
Taipei,VIRGINIA,3,POINT (121.5683333 25.0358333),121.5683333,25.0358333
Taipei,NEPARTAK,4,POINT (121.5683333 25.0358333),121.5683333,25.0358333
Taipei,ANDY,3,POINT (121.5683333 25.0358333),121.5683333,25.0358333
Taipei,DINAH,4,POINT (121.5683333 25.0358333),121.5683333,25.0358333
Taipei,NADINE,4,POINT (121.5683333 25.0358333),121.5683333,25.0358333
Taipei,HARRIET,3,POINT (121.5683333 25.0358333),121.5683333,25.0358333
Taipei,BILIS,5,POINT (121.5683333 25.0358333),121.5683333,25.0358333
Taipei,NEPARTAK,3,POINT (121.5683333 25.0358333),121.5683333,25.0358333
Taipei,TIM,4,POINT (121.5683333 25.0358333),121.5683333,25.0358333
Taipei,HAIKUI,3,POINT (121.5683333 25.0358333),121.5683333,25.0358333
Taipei,LOUISE,4,POINT (121.5683333 25.0358333),121.5683333,25.0358333
Taipei,NOCK-TEN,3,POINT (121.5683333 25.0358333),121.5683333,25.0358333
Taipei,SEPAT,3,POINT (121.5683333 25.0358333),121.5683333,25.0358333
Taipei,NADINE,3,POINT (121.5683333 25.0358333),121.5683333,25.0358333
Taipei,KIT,3,POINT (121.5683333 25.0358333),121.5683333,25.0358333
Taipei,HELEN,3,POINT (121.5683333 25.0358333),121.5683333,25.0358333
Taipei,BILIS,4,POINT (121.5683333 25.0358333),121.5683333,25.0358333
Taipei,WINNIE,4,POINT (121.5683333 25.0358333),121.5683333,25.0358333
Taipei,SARAH,3,POINT (121.5683333 25.0358333),121.5683333,25.0358333
Taipei,TORAJI,3,POINT (121.5683333 25.0358333),121.5683333,25.0358333
Taipei,WINNIE,5,POINT (121.5683333 25.0358333),121.5683333,25.0358333
Taipei,MEGI,3,POINT (121.5683333 25.0358333),121.5683333,25.0358333
Taipei,HAITANG,3,POINT (121.5683333 25.0358333),121.5683333,25.0358333
Taipei,TIM,3,POINT (121.5683333 25.0358333),121.5683333,25.0358333
Taipei,JOAN,4,POINT (121.5683333 25.0358333),121.5683333,25.0358333
Taipei,LONGWANG,3,POINT (121.5683333 25.0358333),121.5683333,25.0358333
Taipei,LOUISE,3,POINT (121.5683333 25.0358333),121.5683333,25.0358333
Taipei,PAMELA,4,POINT (121.5683333 25.0358333),121.5683333,25.0358333
Taipei,DUJUAN,3,POINT (121.5683333 25.0358333),121.5683333,25.0358333
Taipei,PAMELA,3,POINT (121.5683333 25.0358333),121.5683333,25.0358333
Taipei,AMY,3,POINT (121.5683333 25.0358333),121.5683333,25.0358333
Taipei,JANGMI,3,POINT (121.5683333 25.0358333),121.5683333,25.0358333
Taipei,OPAL,4,POINT (121.5683333 25.0358333),121.5683333,25.0358333
Taipei,SHIRLEY,3,POINT (121.5683333 25.0358333),121.5683333,25.0358333
Taipei,HERB,3,POINT (121.5683333 25.0358333),121.5683333,25.0358333
Taipei,KROSA,3,POINT (121.5683333 25.0358333),121.5683333,25.0358333
Taipei,JOAN,3,POINT (121.5683333 25.0358333),121.5683333,25.0358333
Taipei,OPAL,3,POINT (121.5683333 25.0358333),121.5683333,25.0358333
Taipei,CORA,4,POINT (121.5683333 25.0358333),121.5683333,25.0358333
Taipei,SAOMAI,4,POINT (121.5683333 25.0358333),121.5683333,25.0358333
Taipei,WIPHA,3,POINT (121.5683333 25.0358333),121.5683333,25.0358333
New York,NOT_NAMED,3,POINT (-73.99571754361698 40.72156174972766),-73.99571754361698,40.72156174972766
New York,CAROL,3,POINT (-73.99571754361698 40.72156174972766),-73.99571754361698,40.72156174972766
New York,EDNA,3,POINT (-73.99571754361698 40.72156174972766),-73.99571754361698,40.72156174972766
Mexico City,OTIS,4,POINT (-99.1329341 19.4443883),-99.1329341,19.4443883
Mexico City,GRACE,3,POINT (-99.1329341 19.4443883),-99.1329341,19.4443883
Shanghai,WANDA,4,POINT (121.4345588 31.2183983),121.4345588,31.2183983
Shanghai,GLORIA,3,POINT (121.4345588 31.2183983),121.4345588,31.2183983
Shanghai,WANDA,3,POINT (121.4345588 31.2183983),121.4345588,31.2183983
Tokyo,CHOI-WAN,3,POINT (139.7494616 35.6869628),139.7494616,35.6869628
Tokyo,OSCAR,4,POINT (139.7494616 35.6869628),139.7494616,35.6869628
Tokyo,CORA,3,POINT (139.7494616 35.6869628),139.7494616,35.6869628
Tokyo,FAXAI,3,POINT (139.7494616 35.6869628),139.7494616,35.6869628
Tokyo,MA-ON,3,POINT (139.7494616 35.6869628),139.7494616,35.6869628
Tokyo,LUCY,3,POINT (139.7494616 35.6869628),139.7494616,35.6869628
Tokyo,VERA,3,POINT (139.7494616 35.6869628),139.7494616,35.6869628
Mumbai,TAUKTAE,3,POINT (72.8758393972653 19.06840847529168),72.8758393972653,19.06840847529168
Mumbai,TAUKTAE,4,POINT (72.8758393972653 19.06840847529168),72.8758393972653,19.06840847529168
Kolkata,SIDR,4,POINT (88.36912550443886 22.569578883795778),88.36912550443886,22.569578883795778
Kolkata,NOT_NAMED,3,POINT (88.36912550443886 22.569578883795778),88.36912550443886,22.569578883795778
Kolkata,BULBUL:MATMO,3,POINT (88.36912550443886 22.569578883795778),88.36912550443886,22.569578883795778
Kolkata,SIDR,3,POINT (88.36912550443886 22.569578883795778),88.36912550443886,22.569578883795778
Hong Kong,FREDA,3,POINT (114.1830635 22.3069268),114.1830635,22.3069268
Hong Kong,BILLIE,3,POINT (114.1830635 22.3069268),114.1830635,22.3069268
Hong Kong,ROSE,4,POINT (114.1830635 22.3069268),114.1830635,22.3069268
Hong Kong,KROSA,3,POINT (114.1830635 22.3069268),114.1830635,22.3069268
Hong Kong,NINA,3,POINT (114.1830635 22.3069268),114.1830635,22.3069268
Hong Kong,LEO,3,POINT (114.1830635 22.3069268),114.1830635,22.3069268
Hong Kong,CHANCHU,3,POINT (114.1830635 22.3069268),114.1830635,22.3069268
Hong Kong,IRIS,3,POINT (114.1830635 22.3069268),114.1830635,22.3069268
Hong Kong,FAYE,3,POINT (114.1830635 22.3069268),114.1830635,22.3069268
Hong Kong,SALLY,4,POINT (114.1830635 22.3069268),114.1830635,22.3069268
Hong Kong,HAGUPIT,3,POINT (114.1830635 22.3069268),114.1830635,22.3069268
Hong Kong,IDA,3,POINT (114.1830635 22.3069268),114.1830635,22.3069268
Hong Kong,HAGUPIT,4,POINT (114.1830635 22.3069268),114.1830635,22.3069268
Hong Kong,SUSAN,3,POINT (114.1830635 22.3069268),114.1830635,22.3069268
Hong Kong,PAMELA,3,POINT (114.1830635 22.3069268),114.1830635,22.3069268
Hong Kong,ROSE,3,POINT (114.1830635 22.3069268),114.1830635,22.3069268
Hong Kong,KOINU,3,POINT (114.1830635 22.3069268),114.1830635,22.3069268
Hong Kong,RUBY,3,POINT (114.1830635 22.3069268),114.1830635,22.3069268
Hong Kong,VICENTE,4,POINT (114.1830635 22.3069268),114.1830635,22.3069268
Hong Kong,RUBY,4,POINT (114.1830635 22.3069268),114.1830635,22.3069268
Hong Kong,SAOLA,4,POINT (114.1830635 22.3069268),114.1830635,22.3069268
Hong Kong,HATO,3,POINT (114.1830635 22.3069268),114.1830635,22.3069268
Hong Kong,SAOLA,3,POINT (114.1830635 22.3069268),114.1830635,22.3069268
Hong Kong,VICENTE,3,POINT (114.1830635 22.3069268),114.1830635,22.3069268
Hong Kong,KENT,3,POINT (114.1830635 22.3069268),114.1830635,22.3069268
Hong Kong,USAGI,3,POINT (114.1830635 22.3069268),114.1830635,22.3069268
Hong Kong,HOPE,3,POINT (114.1830635 22.3069268),114.1830635,22.3069268
Hong Kong,DUJUAN,3,POINT (114.1830635 22.3069268),114.1830635,22.3069268
Hong Kong,RITA,4,POINT (114.1830635 22.3069268),114.1830635,22.3069268
Hong Kong,HARRIET,3,POINT (114.1830635 22.3069268),114.1830635,22.3069268
